seq_id,tm
31390,66.47756958007812
31391,66.67669677734375
31392,61.43437957763672
31393,66.66464233398438
31394,66.96765899658203
31395,66.72125244140625
31396,66.27933502197266
31397,66.85179901123047
31398,66.51487731933594
31399,66.67179870605469
31400,66.81661224365234
31401,66.53024291992188
31402,66.72801971435547
31403,61.8051872253418
31404,66.28047943115234
31405,66.85880279541016
31406,66.69285583496094
31407,59.427425384521484
31408,66.98297119140625
31409,66.57768249511719
31410,66.68610382080078
31411,66.48944091796875
31412,66.797607421875
31413,66.48810577392578
31414,66.95417785644531
31415,66.50940704345703
31416,66.78260040283203
31417,66.5214614868164
31418,66.97478485107422
31419,66.72200012207031
31420,66.27193450927734
31421,66.85157775878906
31422,66.68684387207031
31423,66.74401092529297
31424,66.97928619384766
31425,66.5726089477539
31426,66.68778228759766
31427,66.48485565185547
31428,66.46975708007812
31429,66.72322845458984
31430,66.79986572265625
31431,66.49520874023438
31432,66.95719909667969
31433,66.38727569580078
31434,66.50630950927734
31435,66.69579315185547
31436,66.53034973144531
31437,66.72459411621094
31438,66.30199432373047
31439,66.85262298583984
31440,66.68683624267578
31441,66.7441635131836
31442,59.428504943847656
31443,66.96322631835938
31444,66.57215118408203
31445,66.68743896484375
31446,61.80474090576172
31447,66.48473358154297
31448,66.5068359375
31449,66.83633422851562
31450,66.5218734741211
31451,66.93692016601562
31452,66.72492218017578
31453,66.3151626586914
31454,66.68707275390625
31455,66.74440002441406
31456,66.96345520019531
31457,66.57257080078125
31458,66.51461029052734
31459,66.69583129882812
31460,61.804935455322266
31461,66.51080322265625
31462,66.93614196777344
31463,66.72434997558594
31464,66.32068634033203
31465,66.96322631835938
31466,66.68314361572266
31467,66.49339294433594
31468,66.54680633544922
31469,66.62757873535156
31470,66.90653991699219
31471,67.08319854736328
31472,66.47871398925781
31473,67.03379821777344
31474,61.43766403198242
31475,66.86062622070312
31476,59.49608612060547
31477,67.11735534667969
31478,66.3478775024414
31479,66.51487731933594
31480,61.837581634521484
31481,66.6960678100586
31482,66.53345489501953
31483,66.30742645263672
31484,66.39080047607422
31485,66.5772705078125
31486,66.89520263671875
31487,66.7586441040039
31488,66.68055725097656
31489,67.05460357666016
31490,66.69096374511719
31491,66.98802947998047
31492,66.80585479736328
31493,66.52619171142578
31494,66.72228240966797
31495,61.83265686035156
31496,66.28620910644531
31497,66.76111602783203
31498,66.46434020996094
31499,66.72384643554688
31500,66.84684753417969
31501,66.4906234741211
31502,66.92124938964844
31503,66.51329040527344
31504,66.69447326660156
31505,66.84304809570312
31506,66.5242919921875
31507,66.94438934326172
31508,66.72075653076172
31509,66.31444549560547
31510,66.85111999511719
31511,66.68545532226562
31512,59.485870361328125
31513,66.94889068603516
31514,66.57096862792969
31515,66.5151138305664
31516,61.83020782470703
31517,66.6963119506836
31518,66.8554916381836
31519,66.52619934082031
31520,66.94603729248047
31521,66.725341796875
31522,66.85409545898438
31523,59.436485290527344
31524,66.9530029296875
31525,66.57344818115234
31526,66.68795776367188
31527,66.51368713378906
31528,66.39920043945312
31529,66.71842956542969
31530,66.64388275146484
31531,66.84027099609375
31532,66.45708465576172
31533,66.9771957397461
31534,66.89164733886719
31535,66.8644790649414
31536,59.496726989746094
31537,66.25658416748047
31538,66.70722961425781
31539,66.74625396728516
31540,66.91773986816406
31541,67.06615447998047
31542,66.98075103759766
31543,66.94696807861328
31544,59.761898040771484
31545,66.9826889038086
31546,66.3941421508789
31547,66.5772705078125
31548,66.376220703125
31549,66.77963256835938
31550,66.58134460449219
31551,59.29873275756836
31552,66.53042602539062
31553,66.6402359008789
31554,66.36278533935547
31555,66.77680206298828
31556,66.11254119873047
31557,66.45486450195312
31558,66.68523406982422
31559,66.78643035888672
31560,66.45528411865234
31561,66.89337921142578
31562,66.6650619506836
31563,66.30281829833984
31564,66.50894927978516
31565,66.94241333007812
31566,66.47611999511719
31567,66.72384643554688
31568,66.4758529663086
31569,66.9208984375
31570,66.63546752929688
31571,66.91236114501953
31572,67.00724029541016
31573,66.6500473022461
31574,66.488037109375
31575,67.03611755371094
31576,66.9041976928711
31577,66.87690734863281
31578,67.12281036376953
31579,66.2349853515625
31580,66.42003631591797
31581,66.27106475830078
31582,66.67976379394531
31583,66.44508361816406
31584,66.04783630371094
31585,66.41117858886719
31586,66.4799575805664
31587,59.77592849731445
31588,67.1104736328125
31589,66.74520874023438
31590,66.91588592529297
31591,66.59247589111328
31592,66.98065185546875
31593,66.93930053710938
31594,61.480506896972656
31595,67.197509765625
31596,66.76467895507812
31597,66.99610137939453
31598,66.68534851074219
31599,66.81746673583984
31600,66.46659088134766
31601,66.89350128173828
31602,66.3525619506836
31603,66.51412963867188
31604,66.8393783569336
31605,66.50183868408203
31606,66.94169616699219
31607,66.71976470947266
31608,66.76093292236328
31609,66.68632507324219
31610,66.742431640625
31611,59.84547424316406
31612,66.96270751953125
31613,66.57218170166016
31614,66.70679473876953
31615,66.99151611328125
31616,67.11380004882812
31617,66.68685913085938
31618,67.16902160644531
31619,66.91714477539062
31620,66.61544799804688
31621,67.07169342041016
31622,66.98330688476562
31623,66.93655395507812
31624,59.91042709350586
31625,66.76526641845703
31626,66.70626068115234
31627,66.98883056640625
31628,67.11286163330078
31629,67.1675033569336
31630,66.91564178466797
31631,66.6014404296875
31632,67.06790161132812
31633,61.4824104309082
31634,67.19750213623047
31635,66.76466369628906
31636,66.9811782836914
31637,66.70022583007812
31638,66.98088836669922
31639,66.99737548828125
31640,66.4200439453125
31641,66.24209594726562
31642,61.40085983276367
31643,66.66617584228516
31644,66.44593811035156
31645,66.06021118164062
31646,66.4814682006836
31647,66.41118621826172
31648,66.46803283691406
31649,59.26728439331055
31650,66.6737060546875
31651,66.93205261230469
31652,67.0633773803711
31653,66.518798828125
31654,66.69825744628906
31655,66.84599304199219
31656,66.52699279785156
31657,66.96723175048828
31658,66.72454071044922
31659,66.76522827148438
31660,66.50709533691406
31661,66.5118408203125
31662,66.96004486083984
31663,66.71444702148438
31664,66.6792221069336
31665,59.49455261230469
31666,66.85245513916016
31667,66.56817626953125
31668,66.25482940673828
31669,66.05789184570312
31670,66.58235931396484
31671,66.47440338134766
31672,59.14895248413086
31673,66.50749206542969
31674,66.69435119628906
31675,66.94060516357422
31676,66.32980346679688
31677,66.68529510498047
31678,59.43603515625
31679,66.4200439453125
31680,66.5603256225586
31681,66.41118621826172
31682,66.46800231933594
31683,59.144287109375
31684,66.97895050048828
31685,67.09781646728516
31686,66.720947265625
31687,67.15702819824219
31688,66.90681457519531
31689,66.5575180053711
31690,66.97084045410156
31691,66.91981506347656
31692,59.57404327392578
31693,67.187744140625
31694,66.3627700805664
31695,67.09988403320312
31696,66.74281311035156
31697,67.19081115722656
31698,66.76068115234375
31699,66.97241973876953
31700,66.69579315185547
31701,66.83606719970703
31702,66.96468353271484
31703,61.810028076171875
31704,66.72200775146484
31705,66.74414825439453
31706,66.96501159667969
31707,66.68733978271484
31708,66.9579849243164
31709,66.2349853515625
31710,66.20672607421875
31711,66.70597839355469
31712,66.03438568115234
31713,66.48397827148438
31714,66.41118621826172
31715,66.46793365478516
31716,66.6960678100586
31717,66.9478530883789
31718,66.75703430175781
31719,66.84896087646484
31720,66.90808868408203
31721,61.436981201171875
31722,66.48312377929688
31723,66.44750213623047
31724,66.5148696899414
31725,61.81438064575195
31726,66.52544403076172
31727,66.94610595703125
31728,66.72227478027344
31729,66.3251724243164
31730,66.85322570800781
31731,66.33240509033203
31732,66.51493072509766
31733,66.62897491455078
31734,67.00507354736328
31735,66.64147186279297
31736,67.08832550048828
31737,66.83954620361328
31738,66.48123168945312
31739,59.55619430541992
31740,67.11862182617188
31741,66.51441192626953
31742,66.69532012939453
31743,66.80465698242188
31744,66.52447509765625
31745,66.96112823486328
31746,66.7215347290039
31747,66.30524444580078
31748,66.68634033203125
31749,61.815574645996094
31750,66.95205688476562
31751,66.51513671875
31752,66.6960678100586
31753,66.83097839355469
31754,66.52523803710938
31755,66.9647216796875
31756,66.3001708984375
31757,66.53614807128906
31758,66.36495971679688
31759,66.56236267089844
31760,66.69194793701172
31761,66.52716827392578
31762,59.20419692993164
31763,66.79891204833984
31764,66.3437271118164
31765,66.33248138427734
31766,66.47602081298828
31767,66.66419982910156
31768,66.48946380615234
31769,66.96814727783203
31770,66.36038970947266
31771,66.76899719238281
31772,66.55132293701172
31773,66.51236724853516
31774,61.814544677734375
31775,66.64283752441406
31776,66.83006286621094
31777,66.29071044921875
31778,66.85064697265625
31779,66.4543228149414
31780,66.63877868652344
31781,66.47368621826172
31782,66.88924407958984
31783,66.66495513916016
31784,66.62871551513672
31785,66.86430358886719
31786,66.42289733886719
31787,67.05836486816406
31788,59.51436233520508
31789,66.628662109375
31790,66.8995132446289
31791,67.02500915527344
31792,66.6337890625
31793,67.05404663085938
31794,61.43996810913086
31795,66.86181640625
31796,66.51493072509766
31797,66.69613647460938
31798,66.83642578125
31799,66.93787384033203
31800,66.72235107421875
31801,66.30525970458984
31802,66.81697845458984
31803,66.23433685302734
31804,66.41946411132812
31805,66.55933380126953
31806,66.26309204101562
31807,66.66016387939453
31808,66.44527435302734
31809,66.54129791259766
31810,59.1496696472168
31811,66.67570495605469
31812,67.0924072265625
31813,66.83952331542969
31814,67.11859130859375
31815,66.5144271850586
31816,66.83597564697266
31817,66.55774688720703
31818,66.94837188720703
31819,66.72190856933594
31820,66.85266876220703
31821,66.68738555908203
31822,66.51500701904297
31823,66.7579345703125
31824,66.5135498046875
31825,66.69477844238281
31826,66.94115447998047
31827,66.72098541259766
31828,66.296875
31829,66.85130310058594
31830,66.74320983886719
31831,59.45619201660156
31832,66.5709457397461
31833,66.68634033203125
31834,66.5087661743164
31835,66.5627212524414
31836,66.72229766845703
31837,66.74382781982422
31838,59.46098709106445
31839,66.95258331298828
31840,66.57225799560547
31841,66.36312103271484
31842,66.4884262084961
31843,66.51527404785156
31844,66.63525390625
31845,66.83631896972656
31846,66.72229766845703
31847,66.33468627929688
31848,66.85257720947266
31849,66.49989318847656
31850,66.67135620117188
31851,66.83609771728516
31852,66.56300354003906
31853,66.94222259521484
31854,66.332275390625
31855,66.85233306884766
31856,66.68683624267578
31857,66.74422454833984
31858,59.4362907409668
31859,66.57283020019531
31860,66.68746185302734
31861,66.50692749023438
31862,66.60537719726562
31863,66.90660095214844
31864,67.02764892578125
31865,66.63822937011719
31866,67.08729553222656
31867,66.8384780883789
31868,66.49425506591797
31869,67.05821990966797
31870,66.86219024658203
31871,59.5041389465332
31872,67.10753631591797
31873,66.68009948730469
31874,66.93936157226562
31875,66.67424011230469
31876,66.93431091308594
31877,67.05864715576172
31878,67.13455200195312
31879,67.07965087890625
31880,66.5796127319336
31881,66.94217681884766
31882,66.68684387207031
31883,59.515750885009766
31884,66.57279205322266
31885,66.63609313964844
31886,66.84747314453125
31887,66.53104400634766
31888,66.94219970703125
31889,66.78820037841797
31890,66.68682861328125
31891,66.74407958984375
31892,59.53303527832031
31893,66.96322631835938
31894,66.49629974365234
31895,66.4542007446289
31896,66.62516021728516
31897,66.82828521728516
31898,66.47928619384766
31899,66.8932876586914
31900,66.66476440429688
31901,66.67815399169922
31902,66.66742706298828
31903,66.84957885742188
31904,66.73645782470703
31905,66.75318145751953
31906,59.68450164794922
31907,66.9767074584961
31908,66.5859146118164
31909,66.49644470214844
31910,66.92137145996094
31911,66.47610473632812
31912,66.85671997070312
31913,66.4906997680664
31914,66.93761444091797
31915,66.6878890991211
31916,66.52001190185547
31917,66.95004272460938
31918,66.67809295654297
31919,66.73106384277344
31920,66.95530700683594
31921,66.56475067138672
31922,66.41963195800781
31923,66.5599594116211
31924,66.68360137939453
31925,66.34952545166016
31926,66.53121185302734
31927,66.67150115966797
31928,66.37567138671875
31929,66.77760314941406
31930,66.55747985839844
31931,66.45404052734375
31932,61.420433044433594
31933,66.81391906738281
31934,66.48768615722656
31935,66.66497039794922
31936,66.6763687133789
31937,67.05852508544922
31938,66.89984893798828
31939,59.58554458618164
31940,67.11872863769531
31941,66.70195007324219
31942,66.98883819580078
31943,67.10769653320312
31944,66.71488952636719
31945,67.16360473632812
31946,66.91715240478516
31947,67.13917541503906
31948,66.939697265625
31949,59.65970230102539
31950,66.69039154052734
31951,66.98087310791016
31952,66.988037109375
31953,66.23072052001953
31954,66.41600036621094
31955,66.22850799560547
31956,66.65834045410156
31957,66.44164276123047
31958,66.54143524169922
31959,66.40718841552734
31960,66.4593276977539
31961,59.17189407348633
31962,66.45399475097656
31963,66.68508911132812
31964,66.81462097167969
31965,66.88867950439453
31966,66.66490936279297
31967,66.75892639160156
31968,66.6766357421875
31969,66.5146484375
31970,66.64488983154297
31971,66.83585357666016
31972,66.56704711914062
31973,66.94459533691406
31974,66.72209930419922
31975,66.31005859375
31976,66.85236358642578
31977,66.68669128417969
31978,66.74474334716797
31979,66.96322631835938
31980,66.57281494140625
31981,61.80427551269531
31982,66.6865463256836
31983,66.51263427734375
31984,66.65320587158203
31985,66.83566284179688
31986,66.53607940673828
31987,66.96881103515625
31988,66.72174072265625
31989,66.31715393066406
31990,66.85198974609375
31991,66.68631744384766
31992,66.74173736572266
31993,59.48189926147461
31994,66.96284484863281
31995,66.57295989990234
31996,66.23651885986328
31997,66.3860855102539
31998,66.56151580810547
31999,66.26399993896484
32000,66.67413330078125
32001,66.44752502441406
32002,66.04156494140625
32003,66.57772827148438
32004,66.46964263916016
32005,59.19385528564453
32006,66.51358032226562
32007,66.66337585449219
32008,66.83584594726562
32009,66.51103973388672
32010,66.94187927246094
32011,66.7220687866211
32012,66.302734375
32013,66.7889175415039
32014,66.68684387207031
32015,66.74076080322266
32016,59.50508499145508
32017,66.962158203125
32018,66.57315063476562
32019,66.68834686279297
32020,66.50534057617188
32021,66.49869537353516
32022,66.67301940917969
32023,66.81439971923828
32024,66.48944091796875
32025,66.91970825195312
32026,66.69934844970703
32027,61.819766998291016
32028,66.26300811767578
32029,66.73592376708984
32030,66.66413879394531
32031,66.71646881103516
32032,59.51473617553711
32033,66.94051361083984
32034,66.55073547363281
32035,66.47604370117188
32036,66.72364044189453
32037,66.85169219970703
32038,66.505126953125
32039,66.92288208007812
32040,66.47606658935547
32041,66.68804168701172
32042,66.85090637207031
32043,66.52031707763672
32044,66.70635223388672
32045,66.95345306396484
32046,67.1095199584961
32047,66.75940704345703
32048,67.1691665649414
32049,66.9172134399414
32050,66.5302734375
32051,67.05909729003906
32052,66.98067474365234
32053,66.93944549560547
32054,61.48379135131836
32055,59.60031509399414
32056,67.197509765625
32057,66.76470184326172
32058,66.98267364501953
32059,66.70618438720703
32060,66.9777603149414
32061,66.988037109375
32062,66.45950317382812
32063,66.65715789794922
32064,66.4814682006836
32065,66.90034484863281
32066,66.77992248535156
32067,66.68428039550781
32068,66.2350082397461
32069,66.38235473632812
32070,66.24760437011719
32071,66.66480255126953
32072,61.39872741699219
32073,66.44593811035156
32074,66.03546905517578
32075,66.41118621826172
32076,66.46833038330078
32077,66.46066284179688
32078,66.6615982055664
32079,66.8298110961914
32080,61.389835357666016
32081,66.25601959228516
32082,66.39734649658203
32083,66.26592254638672
32084,66.5777359008789
32085,66.82918548583984
32086,66.99722290039062
32087,66.58844757080078
32088,66.78864288330078
32089,66.4158706665039
32090,66.9550552368164
32091,66.87248229980469
32092,66.81179809570312
32093,59.49290466308594
32094,67.0814437866211
32095,66.63611602783203
32096,66.87297821044922
32097,61.30471420288086
32098,66.87971496582031
32099,66.55854034423828
32100,67.00157928466797
32101,61.80310821533203
32102,66.65190887451172
32103,66.52622985839844
32104,66.9459457397461
32105,66.72611999511719
32106,66.29331970214844
32107,66.75839233398438
32108,66.74750518798828
32109,59.472900390625
32110,66.68952941894531
32111,66.2349853515625
32112,66.37725830078125
32113,66.04035949707031
32114,66.41118621826172
32115,66.46770477294922
32116,59.15382385253906
32117,66.69596099853516
32118,66.52655792236328
32119,66.85194396972656
32120,67.1385726928711
32121,66.82847595214844
32122,66.52384185791016
32123,61.80683517456055
32124,66.94977569580078
32125,66.72174835205078
32126,66.30489349365234
32127,66.6865005493164
32128,66.74394989013672
32129,66.962890625
32130,66.57235717773438
32131,66.27505493164062
32132,66.4293212890625
32133,66.60089874267578
32134,66.28807067871094
32135,66.51228332519531
32136,66.6295166015625
32137,66.8709716796875
32138,67.0280990600586
32139,66.65016174316406
32140,66.83959197998047
32141,66.982177734375
32142,66.8998794555664
32143,66.86161804199219
32144,67.11861419677734
32145,66.68724060058594
32146,66.51785278320312
32147,66.9815673828125
32148,66.29377746582031
32149,66.77740478515625
32150,61.8353157043457
32151,59.505516052246094
32152,66.94644165039062
32153,66.56378936767578
32154,66.50260162353516
32155,66.6960678100586
32156,66.83319854736328
32157,66.5481185913086
32158,66.98283386230469
32159,66.28917694091797
32160,66.63028717041016
32161,66.90980529785156
32162,67.0269546508789
32163,66.43771362304688
32164,67.12027740478516
32165,66.48637390136719
32166,66.69544982910156
32167,66.83151245117188
32168,66.55097961425781
32169,66.97494506835938
32170,66.72172546386719
32171,66.85230255126953
32172,66.68647003173828
32173,66.74362182617188
32174,59.445579528808594
32175,66.57233428955078
32176,66.83077239990234
32177,66.97657775878906
32178,66.72173309326172
32179,66.2704849243164
32180,66.68647003173828
32181,66.74371337890625
32182,59.486602783203125
32183,66.96285247802734
32184,66.57234191894531
32185,66.5400390625
32186,66.93781280517578
32187,66.26983642578125
32188,66.84420013427734
32189,61.800662994384766
32190,66.67881774902344
32191,66.73634338378906
32192,59.49802780151367
32193,66.95529174804688
32194,66.67951965332031
32195,66.67913818359375
32196,66.49676513671875
32197,66.70207214355469
32198,66.81183624267578
32199,66.72835540771484
32200,61.81974792480469
32201,66.29216766357422
32202,66.85932922363281
32203,66.43932342529297
32204,66.82240295410156
32205,66.48143005371094
32206,66.68794250488281
32207,66.79776000976562
32208,66.52936553955078
32209,66.93437194824219
32210,66.8444595336914
32211,66.67898559570312
32212,59.436988830566406
32213,66.5647964477539
32214,66.67958068847656
32215,66.49391174316406
32216,66.67923736572266
32217,66.53567504882812
32218,66.64547729492188
32219,66.38395690917969
32220,66.78211212158203
32221,61.305076599121094
32222,66.13138580322266
32223,66.69219970703125
32224,66.52671813964844
32225,59.21614456176758
32226,66.4094467163086
32227,66.52730560302734
32228,66.34540557861328
32229,66.5269775390625
32230,66.53485870361328
32231,66.33182525634766
32232,66.2509994506836
32233,66.4395980834961
32234,66.54671478271484
32235,66.29129028320312
32236,66.51444244384766
32237,66.69559478759766
32238,66.28705596923828
32239,61.809539794921875
32240,66.68663024902344
32241,66.74407958984375
32242,59.465049743652344
32243,66.9630126953125
32244,66.34817504882812
32245,66.53192901611328
32246,66.7770767211914
32247,66.55818176269531
32248,66.12535095214844
32249,66.6878890991211
32250,66.79769134521484
32251,66.55028533935547
32252,66.29492950439453
32253,61.805301666259766
32254,66.95529174804688
32255,66.56468963623047
32256,66.67951965332031
32257,66.68197631835938
32258,66.69606018066406
32259,66.5484390258789
32260,66.94245147705078
32261,61.808982849121094
32262,66.72229766845703
32263,66.32127380371094
32264,66.55188751220703
32265,66.29615783691406
32266,66.50662994384766
32267,66.79769897460938
32268,66.5435562133789
32269,61.805301666259766
32270,66.71337127685547
32271,66.77503204345703
32272,66.73629760742188
32273,66.95529174804688
32274,66.68367767333984
32275,66.4781723022461
32276,66.82421112060547
32277,66.5045166015625
32278,66.47607421875
32279,66.72371673583984
32280,66.50152587890625
32281,66.93228149414062
32282,66.62860107421875
32283,66.90798950195312
32284,66.64453887939453
32285,67.10314178466797
32286,66.83953857421875
32287,66.45698547363281
32288,67.05797576904297
32289,66.89981079101562
32290,59.55992126464844
32291,67.11853790283203
32292,66.66895294189453
32293,66.95033264160156
32294,61.4517936706543
32295,66.67752075195312
32296,67.13446044921875
32297,67.10030364990234
32298,67.13935852050781
32299,66.72745513916016
32300,66.94233703613281
32301,66.64973449707031
32302,67.07579803466797
32303,66.51425170898438
32304,61.80730056762695
32305,66.6960678100586
32306,66.80599212646484
32307,66.94247436523438
32308,66.72232818603516
32309,66.27011108398438
32310,66.80043029785156
32311,66.45471954345703
32312,66.68865203857422
32313,66.78907012939453
32314,66.23114776611328
32315,66.83194732666016
32316,66.68025207519531
32317,66.47611236572266
32318,66.72377014160156
32319,66.8225326538086
32320,66.92097473144531
32321,66.51374816894531
32322,66.80499267578125
32323,66.56559753417969
32324,66.94214630126953
32325,66.72130584716797
32326,66.22863006591797
32327,66.85140991210938
32328,66.68604278564453
32329,66.74348449707031
32330,59.855716705322266
32331,66.96243286132812
32332,66.5719223022461
32333,66.6866455078125
32334,66.51351165771484
32335,66.52954864501953
32336,66.66716766357422
32337,65.96432495117188
32338,66.57600402832031
32339,66.4681167602539
32340,66.39381408691406
32341,66.514892578125
32342,66.69606018066406
32343,66.80583190917969
32344,66.51898193359375
32345,66.9400405883789
32346,66.70411682128906
32347,66.2540283203125
32348,66.78803253173828
32349,66.5177993774414
32350,66.80555725097656
32351,66.5119400024414
32352,66.93849182128906
32353,66.69673919677734
32354,66.25181579589844
32355,66.6867904663086
32356,66.74378967285156
32357,66.57276153564453
32358,66.67517852783203
32359,66.97337341308594
32360,66.70175170898438
32361,67.14904022216797
32362,66.8722915649414
32363,66.4738998413086
32364,67.04727935791016
32365,66.92443084716797
32366,59.63899230957031
32367,67.18247985839844
32368,66.7501220703125
32369,66.68474578857422
32370,66.94324493408203
32371,66.39141845703125
32372,66.57459259033203
32373,66.51487731933594
32374,66.6960678100586
32375,66.80583953857422
32376,66.94110870361328
32377,66.70147705078125
32378,66.4200439453125
32379,66.43168640136719
32380,65.98833465576172
32381,66.41117858886719
32382,61.39930725097656
32383,66.4681167602539
32384,59.57569122314453
32385,66.51488494873047
32386,66.6960678100586
32387,66.80583953857422
32388,66.99469757080078
32389,66.71200561523438
32390,66.26589965820312
32391,66.85255432128906
32392,66.41534423828125
32393,66.52944946289062
32394,66.25579071044922
32395,66.4357681274414
32396,65.99164581298828
32397,66.57616424560547
32398,66.40982818603516
32399,66.46810150146484
32400,66.3489761352539
32401,66.50855255126953
32402,66.47608184814453
32403,66.82231903076172
32404,66.92137908935547
32405,66.38190460205078
32406,66.57254028320312
32407,66.34585571289062
32408,66.64588928222656
32409,66.10667419433594
32410,66.69212341308594
32411,66.58454895019531
32412,59.66422653198242
32413,66.52688598632812
32414,66.53282928466797
32415,66.33244323730469
32416,66.45256805419922
32417,66.70027923583984
32418,66.79904174804688
32419,66.47290802001953
32420,66.92388153076172
32421,66.62881469726562
32422,66.90800476074219
32423,66.62589263916016
32424,67.0880355834961
32425,66.83965301513672
32426,66.38274383544922
32427,67.05797576904297
32428,66.86168670654297
32429,59.69425582885742
32430,67.11872863769531
32431,66.51924896240234
32432,66.69589233398438
32433,66.80585479736328
32434,66.49481964111328
32435,66.94242858886719
32436,66.72611236572266
32437,66.85244750976562
32438,66.35137939453125
32439,66.53587341308594
32440,66.64582824707031
32441,66.34053039550781
32442,66.78241729736328
32443,66.56426239013672
32444,66.69257354736328
32445,66.52701568603516
32446,66.58821868896484
32447,66.80345153808594
32448,66.5267562866211
32449,66.49928283691406
32450,66.32125854492188
32451,66.66934967041016
32452,66.9504623413086
32453,66.663818359375
32454,67.1285171508789
32455,66.88053131103516
32456,66.46427917480469
32457,67.10092163085938
32458,66.90239715576172
32459,59.62614059448242
32460,66.72679138183594
32461,66.9429702758789
32462,66.66972351074219
32463,66.94327545166016
32464,66.89836120605469
32465,66.64164733886719
32466,67.07612609863281
32467,66.69280242919922
32468,66.53284454345703
32469,66.93934631347656
32470,66.84931182861328
32471,66.7411117553711
32472,59.5214958190918
32473,66.96114349365234
32474,66.94160461425781
32475,66.68419647216797
32476,67.1219482421875
32477,66.44434356689453
32478,66.89533996582031
32479,67.15573120117188
32480,66.9322509765625
32481,66.6438980102539
32482,67.06793975830078
32483,67.07748413085938
32484,66.6960678100586
32485,66.80580139160156
32486,66.51189422607422
32487,66.95828247070312
32488,66.72234344482422
32489,66.28208923339844
32490,66.85231018066406
32491,66.23191833496094
32492,66.4200439453125
32493,66.52938842773438
32494,66.26124572753906
32495,66.68289184570312
32496,66.4459457397461
32497,66.02554321289062
32498,66.57597351074219
32499,66.41117858886719
32500,66.46610260009766
32501,59.491004943847656
32502,66.2302017211914
32503,66.52948760986328
32504,66.25802612304688
32505,66.44526672363281
32506,66.03512573242188
32507,66.57592010498047
32508,61.371734619140625
32509,66.41117858886719
32510,66.80609130859375
32511,66.51641082763672
32512,61.779327392578125
32513,66.72203826904297
32514,66.85247802734375
32515,66.4445571899414
32516,66.23322296142578
32517,66.52916717529297
32518,66.23374938964844
32519,65.99748992919922
32520,66.5760498046875
32521,66.41117858886719
32522,66.46781158447266
32523,59.4908447265625
32524,66.66227722167969
32525,66.95066833496094
32526,67.04493713378906
32527,67.13056182861328
32528,66.88026428222656
32529,66.47332763671875
32530,66.90234375
32531,67.16008758544922
32532,66.72791290283203
32533,66.94300079345703
32534,66.94270324707031
32535,67.07612609863281
32536,66.69799041748047
32537,66.98868560791016
32538,67.08323669433594
32539,67.1893081665039
32540,66.91704559326172
32541,66.52120208740234
32542,67.13896942138672
32543,66.98049926757812
32544,66.93718719482422
32545,60.01493453979492
32546,67.19734954833984
32547,66.76470184326172
32548,66.98101043701172
32549,66.72053527832031
32550,66.9898681640625
32551,66.46772766113281
32552,66.51549530029297
32553,66.69193267822266
32554,66.80210876464844
32555,66.9342269897461
32556,66.71854400634766
32557,66.30558776855469
32558,66.84856414794922
32559,66.68707275390625
32560,66.95954895019531
32561,66.56913757324219
32562,66.68326568603516
32563,66.6796875
32564,66.69303131103516
32565,66.52861785888672
32566,66.29168701171875
32567,66.95030212402344
32568,66.53478240966797
32569,66.7248306274414
32570,66.45695495605469
32571,66.85456848144531
32572,67.11383056640625
32573,66.72382354736328
32574,66.29365539550781
32575,66.41178131103516
32576,66.23725891113281
32577,66.41110229492188
32578,66.42182922363281
32579,66.21580505371094
32580,66.54387664794922
32581,66.25273895263672
32582,66.59979248046875
32583,66.48886108398438
32584,59.69489669799805
32585,66.27381896972656
32586,66.74446105957031
32587,66.57306671142578
32588,66.68789672851562
32589,66.68118286132812
32590,66.49605560302734
32591,66.53279113769531
32592,66.41181182861328
32593,66.23623657226562
32594,66.41110229492188
32595,66.41161346435547
32596,66.2157974243164
32597,66.25273895263672
32598,66.29337310791016
32599,66.411865234375
32600,66.228271484375
32601,66.41056060791016
32602,66.21578979492188
32603,66.57080841064453
32604,66.252685546875
32605,66.7420654296875
32606,59.870750427246094
32607,61.77933120727539
32608,66.96345520019531
32609,66.57288360595703
32610,66.67060852050781
32611,66.4958724975586
32612,66.84700775146484
32613,66.53252410888672
32614,67.16655731201172
32615,66.49956512451172
32616,66.94395446777344
32617,66.77001190185547
32618,66.97307586669922
32619,66.92865753173828
32620,66.73033142089844
32621,66.13292694091797
32622,66.56837463378906
32623,66.85076141357422
32624,66.51280975341797
32625,66.68565368652344
32626,66.64691925048828
32627,66.48880004882812
32628,66.840576171875
32629,66.5296630859375
32630,67.14460754394531
32631,66.89857482910156
32632,66.48844146728516
32633,67.11881256103516
32634,66.92039489746094
32635,59.65574645996094
32636,66.9608154296875
32637,66.95963287353516
32638,66.92168426513672
32639,66.65746307373047
32640,67.09392547607422
32641,66.74836730957031
32642,66.96345520019531
32643,66.68768310546875
32644,66.68479919433594
32645,66.69483947753906
32646,66.4959487915039
32647,66.84710693359375
32648,66.53257751464844
32649,66.93326568603516
32650,67.1863784790039
32651,66.87959289550781
32652,66.8998031616211
32653,66.60283660888672
32654,66.64645385742188
32655,66.62553405761719
32656,61.710445404052734
32657,66.03189086914062
32658,66.82552337646484
32659,66.71446990966797
32660,66.39116668701172
32661,66.21910858154297
32662,66.85185241699219
32663,66.6887435913086
32664,66.68665313720703
32665,66.92725372314453
32666,66.67855072021484
32667,66.45032501220703
32668,66.68948364257812
32669,66.69725036621094
32670,66.47132873535156
32671,66.41226959228516
32672,66.81912231445312
32673,66.59899139404297
32674,66.15577697753906
32675,66.72870635986328
32676,66.558837890625
32677,59.77035140991211
32678,66.84014129638672
32679,66.44747924804688
32680,66.56439208984375
32681,66.57118225097656
32682,66.37049102783203
32683,66.72377014160156
32684,66.40715789794922
32685,66.71087646484375
32686,66.70926666259766
32687,59.93400955200195
32688,66.95026397705078
32689,66.52845764160156
32690,66.71548461914062
32691,66.47913360595703
32692,66.71602630615234
32693,66.63151550292969
32694,66.45694732666016
32695,66.8545150756836
32696,66.49388122558594
32697,66.95001983642578
32698,67.06306457519531
32699,66.70974731445312
32700,67.14707946777344
32701,66.89875030517578
32702,66.50630187988281
32703,67.11848449707031
32704,66.95724487304688
32705,66.92018127441406
32706,60.04063415527344
32707,67.17779541015625
32708,66.74543762207031
32709,66.9603500366211
32710,66.66271209716797
32711,66.70467376708984
32712,66.51983642578125
32713,59.720726013183594
32714,66.79808807373047
32715,66.36903381347656
32716,66.52201843261719
32717,66.46772766113281
32718,66.32996368408203
32719,66.68175506591797
32720,66.29345703125
32721,66.41069030761719
32722,66.41166687011719
32723,66.37104034423828
32724,66.21578979492188
32725,66.7444839477539
32726,66.96345520019531
32727,66.57305145263672
32728,66.68749237060547
32729,66.65846252441406
32730,66.4958724975586
32731,66.84706115722656
32732,66.29351806640625
32733,66.24071502685547
32734,61.806915283203125
32735,66.57305908203125
32736,66.50337219238281
32737,66.68809509277344
32738,66.84708404541016
32739,66.51931762695312
32740,66.5734634399414
32741,66.13453674316406
32742,66.56749725341797
32743,66.62300872802734
32744,66.56753540039062
32745,66.56653594970703
32746,66.54243469238281
32747,66.66062927246094
32748,67.0987548828125
32749,66.7054443359375
32750,66.67877960205078
32751,66.49559020996094
32752,66.8468246459961
32753,66.74421691894531
32754,66.96345520019531
32755,66.57306671142578
32756,66.52099609375
32757,66.6893539428711
32758,61.80862808227539
32759,66.68482971191406
32760,66.4958724975586
32761,66.5364761352539
32762,66.42400360107422
32763,66.73326110839844
32764,66.56795501708984
32765,66.8443603515625
32766,66.56857299804688
32767,66.56884765625
32768,66.37480163574219
32769,66.41618347167969
32770,66.2405776977539
32771,66.41178894042969
32772,66.41397094726562
32773,66.2157974243164
32774,66.50313568115234
32775,66.25680541992188
32776,66.68936920166016
32777,66.49474334716797
32778,66.8436279296875
32779,66.53408813476562
32780,66.2118148803711
32781,66.8668212890625
32782,66.70919036865234
32783,59.99867630004883
32784,66.95023345947266
32785,66.53462982177734
32786,66.71558380126953
32787,66.45692443847656
32788,66.84182739257812
32789,59.951393127441406
32790,66.51422119140625
32791,66.44425201416016
32792,66.68038940429688
32793,66.4364242553711
32794,66.76509094238281
32795,67.1371841430664
32796,66.88806915283203
32797,66.46370697021484
32798,66.95026397705078
32799,61.49874496459961
32800,59.99950408935547
32801,67.16781616210938
32802,66.95055389404297
32803,66.66504669189453
32804,66.95088195800781
32805,66.74446105957031
32806,59.60047149658203
32807,66.95503234863281
32808,66.50554656982422
32809,66.68777465820312
32810,66.69255828857422
32811,66.49585723876953
32812,66.84709167480469
32813,66.9000473022461
32814,66.62339782714844
32815,66.9000473022461
32816,66.90787506103516
32817,66.609375
32818,61.4333610534668
32819,66.64642333984375
32820,66.29428100585938
32821,66.87520599365234
32822,59.53989791870117
32823,66.95020294189453
32824,66.5345230102539
32825,66.7155990600586
32826,66.46731567382812
32827,66.7237777709961
32828,66.45684814453125
32829,66.85442352294922
32830,66.49397277832031
32831,66.9689712524414
32832,67.07189178466797
32833,66.7184829711914
32834,67.14553833007812
32835,66.8985366821289
32836,61.49032974243164
32837,59.689388275146484
32838,66.7464828491211
32839,66.9684829711914
32840,67.07141876220703
32841,66.71942138671875
32842,66.89796447753906
32843,66.57596588134766
32844,66.9618148803711
32845,66.92015838623047
32846,59.6869010925293
32847,67.17778778076172
32848,66.96048736572266
32849,66.67625427246094
32850,66.96050262451172
32851,66.96766662597656
32852,66.66785430908203
32853,67.09355926513672
32854,66.69981384277344
32855,66.35214233398438
32856,66.71656799316406
32857,59.578041076660156
32858,66.72183990478516
32859,66.46910095214844
32860,66.51899719238281
32861,66.5960922241211
32862,66.48912048339844
32863,66.69290161132812
32864,61.76834487915039
32865,66.44367218017578
32866,66.23685455322266
32867,66.59172058105469
32868,66.57295227050781
32869,66.68768310546875
32870,66.50382995605469
32871,66.68862915039062
32872,66.69523620605469
32873,66.49591827392578
32874,66.58037567138672
32875,66.40837097167969
32876,66.52355194091797
32877,66.52605438232422
32878,61.23150634765625
32879,66.53111267089844
32880,66.36788940429688
32881,66.50524139404297
32882,66.53207397460938
32883,66.01725006103516
32884,66.59514617919922
32885,66.48416900634766
32886,59.486412048339844
32887,66.70305633544922
32888,66.30941772460938
32889,61.764495849609375
32890,66.43106079101562
32891,66.43878173828125
32892,66.23177337646484
32893,66.58692169189453
32894,66.26864624023438
32895,66.36871337890625
32896,66.4876937866211
32897,61.80104064941406
32898,66.83940124511719
32899,66.5106201171875
32900,66.28593444824219
32901,66.95022583007812
32902,66.4592514038086
32903,61.38822937011719
32904,66.85480499267578
32905,66.47724914550781
32906,66.75050354003906
32907,66.57893371582031
32908,66.6937026977539
32909,66.70125579833984
32910,66.50189971923828
32911,66.48768615722656
32912,66.84001922607422
32913,66.51140594482422
32914,66.50689697265625
32915,66.6846694946289
32916,61.80463790893555
32917,66.69463348388672
32918,66.49533081054688
32919,66.53192901611328
32920,66.68563079833984
32921,66.84782409667969
32922,66.90058135986328
32923,66.90899658203125
32924,66.61114501953125
32925,66.6479721069336
32926,66.74420166015625
32927,59.44620132446289
32928,66.68798828125
32929,66.51296997070312
32930,66.68576049804688
32931,66.69522094726562
32932,66.49593353271484
32933,66.84710693359375
32934,66.5254135131836
32935,66.83849334716797
32936,66.89801025390625
32937,66.60943603515625
32938,67.03376007080078
32939,66.37704467773438
32940,66.79264831542969
32941,66.57337951660156
32942,66.59514617919922
32943,59.37407302856445
32944,66.81413269042969
32945,66.42086791992188
32946,61.69615173339844
32947,66.36222076416016
32948,66.54591369628906
32949,66.34375762939453
32950,66.37897491455078
32951,66.4862060546875
32952,66.52545166015625
32953,66.4551010131836
32954,59.521095275878906
32955,66.72698974609375
32956,66.33332061767578
32957,66.45569610595703
32958,66.45506286621094
32959,66.25570678710938
32960,66.60997009277344
32961,66.29393768310547
32962,66.68770599365234
32963,66.69469451904297
32964,66.49530792236328
32965,66.84595489501953
32966,66.53201293945312
32967,66.7010726928711
32968,67.14712524414062
32969,66.897705078125
32970,66.74545288085938
32971,66.6788558959961
32972,66.96771240234375
32973,67.11393737792969
32974,66.72399139404297
32975,66.96354675292969
32976,66.49960327148438
32977,66.2933578491211
32978,66.2220458984375
32979,66.41108703613281
32980,66.41923522949219
32981,66.92366027832031
32982,67.08765411376953
32983,66.6981201171875
32984,66.89801788330078
32985,67.09867095947266
32986,66.91964721679688
32987,61.48930740356445
32988,66.74545288085938
32989,66.9595718383789
32990,66.96768188476562
32991,66.6678695678711
32992,67.09366607666016
32993,66.70479583740234
32994,66.49909973144531
32995,66.53998565673828
32996,66.46764373779297
32997,59.488037109375
32998,66.7081069946289
32999,66.25668334960938
33000,66.43510437011719
33001,66.23681640625
33002,66.59203338623047
33003,66.273681640625
33004,66.77474212646484
33005,66.6932373046875
33006,59.496055603027344
33007,66.93310546875
33008,66.51909637451172
33009,66.7031021118164
33010,66.46099090576172
33011,66.70459747314453
33012,66.44145202636719
33013,66.29338073730469
33014,66.41642761230469
33015,66.23666381835938
33016,66.2157974243164
33017,66.25337219238281
33018,59.5239372253418
33019,61.456146240234375
33020,66.92645263671875
33021,66.51766967773438
33022,66.68731689453125
33023,66.46114349365234
33024,66.69184875488281
33025,66.8285903930664
33026,66.47698211669922
33027,67.11369323730469
33028,66.7230453491211
33029,66.26410675048828
33030,66.79405975341797
33031,66.71540069580078
33032,66.70922088623047
33033,59.51600646972656
33034,66.95028686523438
33035,66.53462982177734
33036,66.71582794189453
33037,66.4720458984375
33038,66.7116470336914
33039,66.72298431396484
33040,61.3934211730957
33041,66.45694732666016
33042,66.85404205322266
33043,66.49237823486328
33044,66.79576110839844
33045,66.71541595458984
33046,66.7091293334961
33047,59.53540802001953
33048,66.9502944946289
33049,66.53374481201172
33050,66.71640014648438
33051,66.46844482421875
33052,66.71563720703125
33053,66.7229995727539
33054,66.45697021484375
33055,66.85398864746094
33056,66.49254608154297
33057,66.48314666748047
33058,66.66434478759766
33059,66.67269134521484
33060,66.47370910644531
33061,66.82343292236328
33062,66.51007080078125
33063,66.69538116455078
33064,66.49564361572266
33065,66.84614562988281
33066,66.53372192382812
33067,66.29573059082031
33068,66.41384887695312
33069,66.23040008544922
33070,61.40060043334961
33071,66.41291046142578
33072,66.42073059082031
33073,66.21737670898438
33074,66.57166290283203
33075,66.2564468383789
33076,66.51141357421875
33077,66.68670654296875
33078,66.69464111328125
33079,66.49525451660156
33080,66.84576416015625
33081,66.5335464477539
33082,66.69503021240234
33083,66.49564361572266
33084,66.84613800048828
33085,67.08802795410156
33086,66.72430419921875
33087,67.14981079101562
33088,66.89801025390625
33089,66.53656768798828
33090,66.96024322509766
33091,66.92009735107422
33092,59.61267852783203
33093,67.17781066894531
33094,66.74557495117188
33095,66.95806121826172
33096,66.68360900878906
33097,61.4881477355957
33098,66.96053314208984
33099,66.96768951416016
33100,66.6678695678711
33101,67.09339141845703
33102,66.70480346679688
33103,59.5374641418457
33104,66.9199447631836
33105,66.51248168945312
33106,66.44088745117188
33107,66.67688751220703
33108,66.43480682373047
33109,66.82147216796875
33110,66.47174072265625
33111,66.28911590576172
33112,66.4166259765625
33113,66.2149429321289
33114,66.4073715209961
33115,66.41519165039062
33116,66.2115478515625
33117,66.56452941894531
33118,66.24847412109375
33119,67.1134033203125
33120,66.72390747070312
33121,66.61241149902344
33122,66.90021514892578
33123,66.9073715209961
33124,66.60232543945312
33125,66.6441879272461
33126,66.9771957397461
33127,67.0959701538086
33128,66.72488403320312
33129,67.15121459960938
33130,66.9044418334961
33131,67.12755584716797
33132,66.92713165283203
33133,59.65888595581055
33134,67.1852035522461
33135,66.7519760131836
33136,61.4748649597168
33137,66.96923065185547
33138,66.71109008789062
33139,59.56073760986328
33140,66.9201889038086
33141,66.51249694824219
33142,66.67688751220703
33143,66.68424987792969
33144,66.43482971191406
33145,66.82202911376953
33146,66.47332000732422
33147,66.52239227294922
33148,66.5796127319336
33149,59.27977752685547
33150,66.40762329101562
33151,66.33164978027344
33152,66.5224609375
33153,66.53045654296875
33154,66.33055114746094
33155,66.68274688720703
33156,67.14763641357422
33157,66.89739990234375
33158,66.961181640625
33159,59.60638427734375
33160,67.1783218383789
33161,66.74603271484375
33162,66.66837310791016
33163,67.09503936767578
33164,66.70789337158203
33165,66.79435729980469
33166,66.71446228027344
33167,66.7025146484375
33168,59.551273345947266
33169,66.95030212402344
33170,66.53467559814453
33171,66.45793914794922
33172,66.71330261230469
33173,66.7229995727539
33174,66.45697784423828
33175,66.85494995117188
33176,66.49319458007812
33177,66.79290771484375
33178,66.70076751708984
33179,59.5727653503418
33180,66.95030212402344
33181,66.53470611572266
33182,66.4530258178711
33183,66.71562957763672
33184,66.45696258544922
33185,66.8545913696289
33186,66.49268341064453
33187,66.86011505126953
33188,59.75710678100586
33189,66.92034912109375
33190,66.43019104003906
33191,66.67704772949219
33192,66.68464660644531
33193,66.82195281982422
33194,66.47311401367188
33195,66.69554138183594
33196,66.49564361572266
33197,66.8463134765625
33198,66.69631958007812
33199,66.49564361572266
33200,66.8463134765625
33201,66.96051788330078
33202,67.09835815429688
33203,66.70541381835938
33204,67.14111328125
33205,66.5455093383789
33206,67.11085510253906
33207,59.66096878051758
33208,67.171875
33209,66.74100494384766
33210,66.9529037475586
33211,66.95272064208984
33212,66.6634521484375
33213,67.08683013916016
33214,66.4652099609375
33215,66.04114532470703
33216,66.49649047851562
33217,59.52507019042969
33218,66.31207275390625
33219,66.43466186523438
33220,66.23905944824219
33221,66.43431854248047
33222,66.23504638671875
33223,66.59041595458984
33224,66.2733154296875
33225,66.96846008300781
33226,61.47962951660156
33227,66.89799499511719
33228,67.11876678466797
33229,66.9591064453125
33230,66.74494171142578
33231,66.67034149169922
33232,66.9605941772461
33233,66.66783905029297
33234,67.1252212524414
33235,66.88516235351562
33236,66.5008316040039
33237,67.08614349365234
33238,59.5941276550293
33239,67.15534973144531
33240,66.73978424072266
33241,66.92647552490234
33242,66.92613983154297
33243,66.93347930908203
33244,66.64353942871094
33245,67.0654296875
33246,66.69190216064453
33247,67.12981414794922
33248,66.89015197753906
33249,66.51825714111328
33250,66.93106842041016
33251,66.91500091552734
33252,59.557106018066406
33253,66.93158721923828
33254,66.67086791992188
33255,66.93124389648438
33256,66.9386215209961
33257,66.6485824584961
33258,67.07083129882812
33259,66.69757843017578
33260,66.90027618408203
33261,66.9001693725586
33262,66.5983657836914
33263,67.03530883789062
33264,66.64627075195312
33265,66.69501495361328
33266,66.48823547363281
33267,66.84922790527344
33268,66.5213851928711
33269,59.43753433227539
33270,66.94922637939453
33271,66.57306671142578
33272,66.68768310546875
33273,66.50370788574219
33274,61.7919921875
33275,66.69529724121094
33276,66.49397277832031
33277,66.52122497558594
33278,66.59664154052734
33279,59.4732780456543
33280,66.69157409667969
33281,66.31102752685547
33282,66.5895004272461
33283,66.25897979736328
33284,66.41107940673828
33285,66.78771209716797
33286,59.305145263671875
33287,66.80254364013672
33288,66.4210205078125
33289,66.53842163085938
33290,66.34745025634766
33291,66.53131103515625
33292,66.54602813720703
33293,66.69813537597656
33294,66.37065124511719
33295,66.49493408203125
33296,66.69468688964844
33297,66.50550079345703
33298,66.8466567993164
33299,66.52994537353516
33300,66.72660827636719
33301,67.1471176147461
33302,66.8979721069336
33303,66.52835845947266
33304,67.11876678466797
33305,66.96031188964844
33306,67.16990661621094
33307,66.96066284179688
33308,66.96768188476562
33309,67.09405517578125
33310,66.7048110961914
33311,66.69300079345703
33312,66.49778747558594
33313,66.84564971923828
33314,66.69168853759766
33315,66.49559020996094
33316,66.89807891845703
33317,66.6275863647461
33318,66.90777587890625
33319,66.90497589111328
33320,66.60942077636719
33321,67.03404998779297
33322,66.29287719726562
33323,66.40839385986328
33324,66.41055297851562
33325,66.21517181396484
33326,66.57006072998047
33327,66.9704818725586
33328,66.57307434082031
33329,66.68346405029297
33330,66.49762725830078
33331,66.69093322753906
33332,66.84718322753906
33333,66.894775390625
33334,66.90801239013672
33335,66.90794372558594
33336,66.61165618896484
33337,67.03413391113281
33338,66.89999389648438
33339,66.89815521240234
33340,66.60786437988281
33341,66.64894104003906
33342,66.93046569824219
33343,61.442474365234375
33344,66.51261138916016
33345,66.67293548583984
33346,66.68211364746094
33347,66.47572326660156
33348,66.9208755493164
33349,67.08255767822266
33350,66.70155334472656
33351,67.14205932617188
33352,67.12055969238281
33353,66.96034240722656
33354,66.92005920410156
33355,61.49732971191406
33356,66.7453384399414
33357,66.96146392822266
33358,66.6843032836914
33359,66.95741271972656
33360,66.6582260131836
33361,67.10139465332031
33362,66.68589782714844
33363,66.51033782958984
33364,66.68266296386719
33365,66.6891860961914
33366,66.48320770263672
33367,61.24016571044922
33368,66.5147476196289
33369,59.274383544921875
33370,66.51292419433594
33371,66.67594146728516
33372,66.3611068725586
33373,66.29840087890625
33374,66.87394714355469
33375,61.395206451416016
33376,59.499752044677734
33377,66.53450012207031
33378,66.71587371826172
33379,66.72319793701172
33380,66.85436248779297
33381,66.49172973632812
33382,66.36624145507812
33383,66.75875091552734
33384,59.442543029785156
33385,66.94772338867188
33386,66.68279266357422
33387,66.68730163574219
33388,66.6973876953125
33389,66.4958724975586
33390,61.8116340637207
33391,66.52912139892578
33392,66.5053482055664
33393,66.68876647949219
33394,66.69620513916016
33395,66.4950942993164
33396,66.82215881347656
33397,66.52806854248047
33398,66.9002456665039
33399,66.61515808105469
33400,66.90092468261719
33401,66.9103775024414
33402,66.64173889160156
33403,66.34297943115234
33404,66.76435852050781
33405,66.14675903320312
33406,66.66911315917969
33407,66.56327056884766
33408,66.78216552734375
33409,66.50588989257812
33410,66.51634216308594
33411,66.31301879882812
33412,66.7443618774414
33413,59.4975471496582
33414,66.96346282958984
33415,66.57295227050781
33416,66.49744415283203
33417,66.69807434082031
33418,66.4958724975586
33419,66.8247299194336
33420,66.52606964111328
33421,66.44671630859375
33422,66.90062713623047
33423,66.90738677978516
33424,66.6404037475586
33425,66.30995178222656
33426,66.95108032226562
33427,66.53545379638672
33428,66.72392272949219
33429,66.45783233642578
33430,66.85726928710938
33431,66.57295989990234
33432,66.49751281738281
33433,66.6922607421875
33434,66.53411102294922
33435,66.66595458984375
33436,67.18880462646484
33437,67.07108306884766
33438,66.920166015625
33439,59.63046646118164
33440,66.96148681640625
33441,66.68759155273438
33442,66.97251892089844
33443,66.96781158447266
33444,66.71102142333984
33445,66.71541595458984
33446,59.54323196411133
33447,66.94961547851562
33448,66.5366439819336
33449,66.7159652709961
33450,66.4771728515625
33451,66.7157974243164
33452,66.498779296875
33453,66.53449249267578
33454,66.9783935546875
33455,66.6820068359375
33456,67.10685729980469
33457,66.71935272216797
33458,66.79315185546875
33459,66.57300567626953
33460,66.53781127929688
33461,66.59434509277344
33462,59.32815170288086
33463,66.81420135498047
33464,66.34383392333984
33465,66.69740295410156
33466,66.97824096679688
33467,66.97821807861328
33468,66.67740631103516
33469,67.10382080078125
33470,66.71663665771484
33471,66.4117660522461
33472,66.2254638671875
33473,66.4183120727539
33474,66.4193115234375
33475,66.2157974243164
33476,66.57070922851562
33477,66.25576782226562
33478,66.69352722167969
33479,66.49421691894531
33480,66.84626770019531
33481,66.29955291748047
33482,61.40559387207031
33483,66.25414276123047
33484,61.81321334838867
33485,66.57295989990234
33486,66.50686645507812
33487,66.68815612792969
33488,66.84915161132812
33489,66.48794555664062
33490,66.8414077758789
33491,66.74650573730469
33492,59.50802230834961
33493,66.68995666503906
33494,66.50717163085938
33495,66.68972778320312
33496,66.69904327392578
33497,66.49805450439453
33498,66.85157012939453
33499,66.51586151123047
33500,67.1257095336914
33501,66.88301849365234
33502,66.52803039550781
33503,67.0082778930664
33504,66.92305755615234
33505,61.51961898803711
33506,59.6916389465332
33507,67.15313720703125
33508,66.92388153076172
33509,66.93658447265625
33510,66.65290069580078
33511,67.0645523071289
33512,66.67035675048828
33513,66.29339599609375
33514,66.41178131103516
33515,66.22824096679688
33516,66.41143035888672
33517,66.42240905761719
33518,66.2157974243164
33519,66.25271606445312
33520,66.71681213378906
33521,66.98355865478516
33522,67.00122833251953
33523,66.68768310546875
33524,67.11772918701172
33525,66.71107482910156
33526,66.50282287597656
33527,66.68658447265625
33528,66.69786834716797
33529,66.4951171875
33530,66.84817504882812
33531,66.51276397705078
33532,66.67749786376953
33533,66.67721557617188
33534,66.69229125976562
33535,66.4351577758789
33536,66.8239517211914
33537,67.1153564453125
33538,66.7238998413086
33539,66.2931900024414
33540,66.4111099243164
33541,66.21300506591797
33542,66.41188049316406
33543,66.2157974243164
33544,66.57273864746094
33545,66.25263977050781
33546,66.60660552978516
33547,66.90472412109375
33548,66.61357116699219
33549,67.04003143310547
33550,66.65043640136719
33551,66.968505859375
33552,67.06123352050781
33553,66.69527435302734
33554,67.1478500366211
33555,66.89800262451172
33556,66.5525131225586
33557,67.04582214355469
33558,66.9603271484375
33559,59.90966796875
33560,66.74549102783203
33561,66.6558609008789
33562,66.9610824584961
33563,66.9677505493164
33564,66.70477294921875
33565,66.32278442382812
33566,66.79715728759766
33567,66.71544647216797
33568,66.5345458984375
33569,66.71573638916016
33570,66.72309112548828
33571,66.85540008544922
33572,66.4817886352539
33573,59.71258544921875
33574,66.57291412353516
33575,66.6871337890625
33576,66.50616455078125
33577,66.68731689453125
33578,66.4958724975586
33579,66.51998138427734
33580,59.825748443603516
33581,66.92034149169922
33582,66.51260375976562
33583,66.67706298828125
33584,66.68470001220703
33585,66.43499755859375
33586,66.8238525390625
33587,66.5214614868164
33588,66.57861328125
33589,59.51665496826172
33590,66.40679931640625
33591,66.52143859863281
33592,66.33741760253906
33593,66.36636352539062
33594,66.96199798583984
33595,67.05652618408203
33596,66.70175170898438
33597,67.14109802246094
33598,66.89212799072266
33599,61.48630142211914
33600,66.95379638671875
33601,66.91423034667969
33602,67.17180633544922
33603,66.7397689819336
33604,66.95389556884766
33605,66.95401763916016
33606,67.0897445678711
33607,66.69913482666016
33608,66.36625671386719
33609,66.42457580566406
33610,66.8236083984375
33611,66.60452270507812
33612,66.1844482421875
33613,66.6627197265625
33614,66.56830596923828
33615,59.5007438659668
33616,66.84468841552734
33617,66.45214080810547
33618,66.57601165771484
33619,66.56887817382812
33620,66.57659149169922
33621,66.37512969970703
33622,66.73107147216797
33623,66.39469146728516
33624,67.11605834960938
33625,66.50005340576172
33626,66.49259185791016
33627,59.4995002746582
33628,66.4437484741211
33629,66.27574920654297
33630,66.62713623046875
33631,66.8913803100586
33632,66.90731811523438
33633,66.6095199584961
33634,59.51251220703125
33635,66.87024688720703
33636,66.64105987548828
33637,66.96851348876953
33638,67.14801025390625
33639,66.54981231689453
33640,66.96063995361328
33641,66.74594116210938
33642,66.97286224365234
33643,66.96063995361328
33644,66.96772003173828
33645,66.69563293457031
33646,66.49614715576172
33647,66.84979248046875
33648,66.5074234008789
33649,61.8311653137207
33650,66.68574523925781
33651,66.69367218017578
33652,66.49430084228516
33653,66.84750366210938
33654,66.53092956542969
33655,66.29735565185547
33656,66.87589263916016
33657,66.71546173095703
33658,66.71028900146484
33659,66.93306732177734
33660,66.53360748291016
33661,66.7156753540039
33662,66.46246337890625
33663,66.71569061279297
33664,66.72303771972656
33665,66.85551452636719
33666,66.49384307861328
33667,66.7539291381836
33668,59.47529602050781
33669,66.96344757080078
33670,66.57160186767578
33671,66.68692016601562
33672,66.49502563476562
33673,66.68731689453125
33674,66.69523620605469
33675,66.49588012695312
33676,66.84782409667969
33677,66.53250122070312
33678,66.50721740722656
33679,67.03426361083984
33680,66.9268798828125
33681,59.557037353515625
33682,67.17594909667969
33683,66.75093078613281
33684,66.96944427490234
33685,66.67565155029297
33686,66.43865203857422
33687,66.82572174072266
33688,66.47537231445312
33689,66.18812561035156
33690,66.56806945800781
33691,59.31882095336914
33692,66.84467315673828
33693,66.45281982421875
33694,66.57949829101562
33695,66.5677490234375
33696,66.73110961914062
33697,66.96849822998047
33698,61.520347595214844
33699,66.71295166015625
33700,67.14315032958984
33701,66.899658203125
33702,67.11898803710938
33703,66.9602279663086
33704,59.58208465576172
33705,66.74592590332031
33706,66.9686508178711
33707,66.96054077148438
33708,66.70476531982422
33709,59.43955993652344
33710,66.49545288085938
33711,66.4958724975586
33712,66.84954071044922
33713,66.53254699707031
33714,59.268043518066406
33715,66.52877807617188
33716,66.32889556884766
33717,66.89900970458984
33718,66.60829162597656
33719,66.8985595703125
33720,66.60840606689453
33721,67.03324127197266
33722,66.64527130126953
33723,66.78781127929688
33724,66.57474517822266
33725,66.16915893554688
33726,66.70143127441406
33727,66.59514617919922
33728,59.274574279785156
33729,66.81420135498047
33730,61.701602935791016
33731,66.41643524169922
33732,66.53850555419922
33733,66.49565124511719
33734,66.84834289550781
33735,66.53231811523438
33736,66.48917388916016
33737,61.805912017822266
33738,66.68730163574219
33739,66.84937286376953
33740,66.53263092041016
33741,66.69506072998047
33742,66.8493423461914
33743,66.53230285644531
33744,66.4119644165039
33745,66.86715698242188
33746,66.60578155517578
33747,66.16868591308594
33748,66.62562561035156
33749,59.3035888671875
33750,66.85868072509766
33751,66.45146179199219
33752,66.56890869140625
33753,61.73101043701172
33754,66.57653045654297
33755,66.41179656982422
33756,66.87517547607422
33757,66.71482849121094
33758,66.70848846435547
33759,66.53317260742188
33760,66.71546173095703
33761,66.44410705566406
33762,66.722412109375
33763,66.26475524902344
33764,66.87358856201172
33765,66.7090072631836
33766,59.477516174316406
33767,66.96331024169922
33768,66.53453063964844
33769,66.70903778076172
33770,66.44734954833984
33771,61.38902282714844
33772,66.71562194824219
33773,66.7230224609375
33774,66.42922973632812
33775,66.493896484375
33776,66.47859191894531
33777,66.53727722167969
33778,66.7432861328125
33779,59.42658615112305
33780,66.57235717773438
33781,66.69470977783203
33782,66.47886657714844
33783,66.68630981445312
33784,61.80326461791992
33785,66.48619842529297
33786,66.84757995605469
33787,66.51239776611328
33788,66.69779968261719
33789,66.67993927001953
33790,66.42903900146484
33791,66.82337951660156
33792,66.45558166503906
33793,66.9209213256836
33794,67.03914642333984
33795,67.1434326171875
33796,66.8934097290039
33797,66.51557159423828
33798,67.11451721191406
33799,66.9155502319336
33800,67.17317199707031
33801,66.74099731445312
33802,67.09024047851562
